,imagerow,imagecol
barcode_1,500.5,500.0
barcode_2,503.5,500.0
barcode_3,501.0,499.133974596215
barcode_4,502.0,499.133974596215
barcode_5,500.5,498.26794919243
barcode_6,501.5,498.26794919243
barcode_7,502.5,498.26794919243
barcode_8,501.0,497.40192378864504
barcode_9,502.0,497.40192378864504
barcode_10,501.5,496.53589838486005
barcode_11,504.0,495.66987298107506
