,imagerow,imagecol
barcode_1,501.0,499.133974596215
barcode_2,502.0,499.133974596215
barcode_3,500.5,498.26794919243
barcode_4,501.5,498.26794919243
barcode_5,502.5,498.26794919243
barcode_6,503.5,498.26794919243
barcode_7,501.0,497.40192378864504
barcode_8,502.0,497.40192378864504
barcode_9,501.5,496.53589838486005
barcode_10,501.0,493.9378221735051
barcode_11,502.0,493.9378221735051
barcode_12,504.0,493.9378221735051
