,imagerow,imagecol
barcode_1,501.0,499.133974596215
barcode_2,502.0,499.133974596215
barcode_3,501.5,498.26794919243
barcode_4,502.5,498.26794919243
